maintenanceId,machineId,maintenanceDate,maintenanceCost,severity,downtime
001,029,2023-02-04,20094.59,Baixa,1
002,071,2020-02-12,13024.06,Baixa,3
003,058,2021-07-03,12296.45,Baixa,2
004,027,2024-08-07,8932.43,Baixa,2
005,109,2016-08-20,15336.78,Média,20
006,008,2024-12-03,24211.03,Baixa,3
007,056,2023-03-10,9304.54,Baixa,2
008,130,2023-12-09,13972.61,Baixa,1
009,144,2024-11-06,9545.43,Alta,43
010,140,2024-05-24,6381.33,Crítica,82
011,057,2018-09-04,15672.81,Crítica,103
012,072,2024-05-13,16786.99,Baixa,2
013,041,2023-10-01,16909.92,Crítica,141
014,088,2024-01-13,17737.83,Alta,29
015,040,2018-12-22,10886.0,Alta,34
016,087,2022-06-27,9546.08,Baixa,1
017,024,2020-11-23,11487.93,Crítica,145
018,025,2016-10-06,8329.77,Média,23
019,089,2024-10-30,11024.64,Média,12
020,012,2016-03-06,20059.77,Crítica,156
021,138,2024-04-17,10574.17,Baixa,2
022,097,2024-08-22,9601.32,Baixa,1
023,142,2018-01-12,8724.63,Média,11
024,093,2024-06-08,15778.14,Baixa,3
025,018,2024-09-28,9835.6,Baixa,1
026,059,2020-11-06,11952.65,Média,19
027,021,2022-07-10,13020.06,Baixa,3
028,026,2020-03-24,13064.18,Crítica,94
029,072,2024-04-03,23551.37,Crítica,75
030,094,2023-09-26,12981.94,Baixa,3
031,095,2022-09-24,8402.91,Média,9
032,054,2021-06-02,13371.75,Alta,48
033,019,2020-02-03,14687.81,Baixa,3
034,137,2021-03-15,5754.5,Baixa,3
035,042,2024-12-17,10022.14,Crítica,94
036,098,2024-01-22,11759.46,Média,4
037,143,2024-07-26,22394.74,Média,11
038,084,2024-08-31,24707.09,Baixa,3
039,059,2022-01-18,9171.02,Baixa,2
040,081,2021-10-08,15484.41,Crítica,108
041,069,2024-05-12,16003.36,Média,10
042,055,2024-07-22,16886.33,Alta,25
043,055,2021-05-18,13063.85,Crítica,139
044,102,2024-12-20,12250.12,Crítica,145
045,037,2024-10-23,12864.22,Alta,54
046,036,2019-07-12,15315.03,Baixa,3
047,144,2024-11-17,10954.71,Média,13
048,150,2021-08-31,16987.04,Crítica,95
049,150,2023-03-03,15354.16,Crítica,134
050,093,2020-02-23,14588.21,Baixa,3
051,036,2017-11-04,17990.77,Crítica,167
052,024,2021-08-26,8882.48,Baixa,1
053,029,2023-02-09,18204.47,Média,17
054,041,2024-05-16,16355.9,Crítica,92
055,017,2016-12-27,8309.62,Crítica,72
056,098,2022-10-29,11252.37,Crítica,148
057,136,2016-12-06,9057.69,Média,11
058,142,2019-12-31,10834.27,Baixa,1
059,030,2022-03-19,10042.85,Média,23
060,088,2019-09-02,15170.71,Média,15
061,076,2022-08-09,16730.95,Crítica,121
062,041,2024-05-20,15745.33,Crítica,137
063,001,2022-08-14,11108.8,Média,16
064,129,2024-01-24,8669.88,Alta,57
065,130,2023-11-02,9367.08,Baixa,2
066,077,2023-10-05,9443.71,Alta,41
067,040,2022-01-22,10540.1,Média,9
068,042,2024-03-29,9074.93,Baixa,3
069,083,2021-07-18,12484.88,Crítica,100
070,005,2022-10-22,17098.3,Média,5
071,093,2019-09-20,15247.56,Alta,48
072,062,2023-01-14,9040.32,Baixa,1
073,062,2022-07-18,9544.18,Baixa,2
074,022,2021-07-17,14729.08,Crítica,134
075,018,2024-11-15,9231.13,Alta,36
076,033,2018-08-16,13385.62,Crítica,157
077,141,2024-02-13,14771.43,Baixa,1
078,068,2018-06-14,16016.3,Crítica,111
079,055,2024-04-03,12968.32,Baixa,2
080,080,2020-09-08,13043.02,Crítica,146
081,096,2024-11-24,19018.94,Crítica,121
082,133,2024-05-21,9823.87,Crítica,132
083,031,2019-08-28,16176.02,Baixa,2
084,058,2022-01-24,17561.4,Média,8
085,087,2020-09-27,11815.43,Baixa,1
086,142,2018-01-24,11343.4,Alta,60
087,057,2019-04-23,17314.93,Média,16
088,019,2022-07-29,14028.95,Média,19
089,059,2020-09-19,8909.84,Baixa,3
090,009,2018-02-18,8178.01,Média,22
091,019,2020-05-19,15821.19,Baixa,2
092,072,2023-06-11,24044.69,Crítica,155
093,055,2022-12-20,13648.35,Baixa,1
094,147,2024-04-12,13354.68,Crítica,110
095,063,2022-11-17,14509.04,Crítica,150
096,105,2023-01-22,11475.49,Alta,43
097,025,2024-04-20,9621.4,Baixa,2
098,111,2021-03-02,9504.55,Média,21
099,109,2018-06-07,15375.07,Crítica,131
100,120,2024-11-08,13036.29,Média,14
101,026,2023-04-16,16223.14,Média,18
102,104,2019-07-29,14407.2,Alta,28
103,028,2024-05-03,13996.2,Baixa,3
104,050,2022-06-08,13077.44,Baixa,3
105,138,2024-12-12,10322.67,Crítica,77
106,036,2020-02-12,12773.23,Crítica,150
107,047,2022-05-15,16031.36,Alta,60
108,119,2019-07-23,13558.82,Baixa,2
109,020,2024-08-31,12178.98,Crítica,94
110,141,2022-04-15,12124.03,Média,11
111,013,2020-05-14,14055.41,Baixa,3
112,024,2023-07-08,8261.5,Alta,42
113,043,2019-02-18,10683.59,Crítica,106
114,125,2024-06-04,12922.47,Crítica,166
115,055,2022-07-12,14618.98,Crítica,149
116,016,2023-10-24,10306.17,Alta,53
117,098,2022-08-06,10735.33,Baixa,1
118,100,2024-08-09,15635.26,Alta,36
119,117,2024-11-18,15845.81,Alta,50
120,109,2021-11-26,16407.65,Crítica,143
121,040,2016-10-08,10464.93,Alta,26
122,076,2022-02-14,14171.89,Baixa,3
123,015,2021-04-22,15300.2,Baixa,2
124,081,2021-12-25,17084.87,Média,9
125,013,2024-10-31,11258.91,Crítica,105
126,129,2018-09-24,9509.77,Alta,32
127,015,2022-10-29,24999.31,Baixa,3
128,048,2021-07-18,9435.73,Baixa,1
129,018,2024-11-25,9687.43,Alta,27
130,104,2020-07-14,12030.0,Média,8
131,146,2020-09-12,15274.44,Média,5
132,149,2017-05-03,16561.31,Média,10
133,021,2023-07-23,15459.48,Crítica,162
134,150,2022-03-19,17117.5,Alta,43
135,067,2018-05-11,15583.72,Baixa,3
136,081,2022-02-11,13455.9,Baixa,1
137,068,2018-07-01,14272.68,Crítica,137
138,034,2023-08-22,24396.93,Alta,44
139,118,2024-10-25,13018.2,Média,8
140,019,2023-02-05,15353.95,Média,12
141,118,2024-03-22,12154.67,Baixa,2
142,019,2023-05-16,12642.01,Baixa,1
143,130,2023-08-22,13006.32,Média,7
144,034,2023-07-01,21522.28,Alta,64
145,018,2024-09-03,9828.1,Alta,34
146,095,2021-12-28,8873.81,Média,13
147,041,2023-06-12,14568.99,Crítica,110
148,140,2024-04-23,9340.54,Alta,59
149,136,2024-06-21,8943.48,Baixa,2
150,142,2022-10-26,10159.7,Média,22
151,027,2022-03-16,12632.39,Alta,37
152,068,2020-04-09,17179.2,Média,19
153,028,2024-06-10,15768.24,Baixa,1
154,070,2020-05-25,16944.53,Alta,45
155,054,2021-01-11,15709.4,Alta,32
156,053,2023-06-23,11041.85,Média,11
157,130,2023-10-15,12901.18,Crítica,90
158,065,2020-01-19,15325.06,Média,11
159,024,2020-09-01,8529.19,Crítica,143
160,071,2023-05-28,12176.15,Média,4
161,001,2024-04-06,13323.92,Média,15
162,034,2016-10-19,22828.87,Alta,71
163,042,2024-04-07,11382.98,Crítica,99
164,142,2017-11-16,8921.86,Crítica,142
165,144,2024-05-28,10084.33,Baixa,3
166,029,2021-10-02,23283.84,Baixa,1
167,039,2024-07-05,7827.43,Média,21
168,095,2021-12-13,8211.44,Alta,57
169,111,2017-09-26,13953.82,Alta,37
170,011,2018-07-04,10741.14,Média,16
171,094,2019-08-20,15266.9,Média,23
172,092,2017-11-16,16574.95,Baixa,1
173,064,2021-08-01,21985.66,Baixa,2
174,091,2024-08-06,10145.26,Crítica,102
175,040,2024-09-08,11871.5,Alta,57
176,042,2024-03-31,9767.99,Alta,70
177,106,2023-10-22,10867.57,Baixa,1
178,046,2024-11-24,13276.62,Alta,30
179,106,2024-08-16,12320.69,Alta,43
180,069,2024-12-01,13853.66,Baixa,3
181,028,2022-05-01,16284.08,Crítica,144
182,010,2024-05-12,10436.95,Crítica,135
183,057,2021-10-08,17823.55,Baixa,1
184,118,2024-02-13,11186.31,Média,14
185,079,2022-09-29,21395.34,Média,19
186,058,2023-08-12,17391.81,Média,23
187,050,2020-02-27,17306.06,Crítica,82
188,085,2023-10-29,15953.74,Alta,64
189,018,2024-07-28,11879.26,Média,20
190,090,2024-10-28,8486.23,Crítica,137
191,138,2024-09-30,11957.76,Média,16
192,008,2024-08-07,22472.98,Baixa,3
193,067,2024-01-04,14177.69,Baixa,2
194,149,2022-05-18,12120.68,Alta,47
195,010,2022-04-24,11610.49,Baixa,1
196,112,2018-03-29,18456.75,Alta,41
197,081,2024-06-11,12870.3,Crítica,126
198,131,2021-11-21,8303.47,Baixa,3
199,099,2024-12-22,16919.09,Baixa,1
200,066,2020-06-17,14708.68,Média,9
201,112,2021-11-23,15386.74,Baixa,1
202,134,2024-02-07,8585.29,Alta,55
203,094,2021-02-24,13745.99,Crítica,105
204,018,2024-08-03,11820.06,Média,21
205,081,2021-01-21,15347.95,Média,11
206,077,2023-04-05,8478.53,Média,13
207,105,2022-07-12,11430.96,Média,19
208,104,2019-12-29,17961.08,Alta,33
209,142,2018-04-23,14701.04,Alta,53
210,050,2019-05-07,16004.48,Crítica,159
211,098,2021-10-23,11684.88,Alta,40
212,146,2023-04-14,18507.8,Alta,33
213,104,2021-12-21,12541.75,Média,17
214,078,2024-12-23,10138.2,Média,10
215,054,2022-06-08,13910.48,Crítica,73
216,149,2020-10-06,13081.21,Alta,24
217,120,2024-12-13,13579.46,Crítica,128
218,114,2023-05-27,8971.57,Alta,54
219,131,2016-09-29,9756.63,Crítica,100
220,044,2024-10-25,14618.17,Média,22
221,073,2024-06-10,17286.47,Alta,46
222,024,2020-09-15,11026.95,Alta,46
223,080,2024-12-04,11976.06,Alta,67
224,051,2019-11-05,8889.84,Alta,62
225,007,2020-05-27,24477.27,Baixa,3
226,063,2023-03-22,15027.68,Crítica,80
227,019,2020-04-29,17225.44,Crítica,116
228,107,2024-04-11,9574.62,Alta,45
229,099,2024-12-20,14232.42,Crítica,156
230,103,2024-09-05,11151.5,Alta,58
231,038,2022-10-13,14925.19,Média,5
232,028,2022-06-27,17204.21,Crítica,145
233,057,2020-04-04,16055.64,Baixa,3
234,133,2023-09-20,8141.24,Crítica,150
235,013,2019-04-04,13167.88,Alta,58
236,032,2024-05-10,6689.74,Crítica,159
237,035,2022-10-17,16857.25,Crítica,163
238,136,2022-06-21,8594.54,Média,6
239,114,2020-06-01,10667.62,Crítica,77
240,141,2022-12-15,14378.27,Crítica,126
241,041,2023-06-20,13429.67,Crítica,165
242,116,2024-05-31,11795.93,Média,9
243,064,2024-12-20,23558.3,Alta,53
244,134,2022-01-28,10083.62,Crítica,99
245,062,2018-05-04,9599.06,Média,18
246,113,2022-07-28,14378.9,Baixa,3
247,074,2020-04-27,13718.61,Alta,49
248,070,2019-12-17,15908.85,Alta,60
249,082,2023-08-30,8794.67,Baixa,3
250,036,2017-06-20,13318.28,Baixa,1
251,060,2024-04-19,11752.85,Crítica,93
252,040,2017-12-14,8865.52,Alta,25
253,017,2024-12-01,11774.19,Crítica,76
254,105,2017-11-12,9259.56,Média,23
255,139,2023-05-17,14453.06,Crítica,107
256,107,2024-08-04,10713.41,Baixa,2
257,053,2023-08-29,11995.14,Crítica,94
258,100,2023-09-11,23250.3,Baixa,3
259,148,2017-05-31,15617.65,Crítica,131
260,123,2024-07-28,16193.1,Baixa,1
261,091,2024-04-24,9011.53,Média,23
262,100,2024-02-03,15229.57,Crítica,83
263,138,2023-09-30,9237.26,Alta,39
264,125,2024-11-27,17752.59,Baixa,3
265,070,2021-08-12,24385.63,Crítica,157
266,125,2023-05-05,12008.18,Média,20
267,100,2023-08-15,21370.93,Alta,37
268,104,2021-09-21,14873.73,Baixa,3
269,120,2024-07-10,14952.2,Baixa,1
270,137,2024-12-29,9390.06,Média,11
271,101,2024-12-29,13764.22,Baixa,1
272,022,2020-07-23,17959.91,Crítica,114
273,035,2022-02-14,24137.03,Crítica,86
274,047,2024-02-03,15237.39,Média,10
275,067,2020-01-12,17044.11,Crítica,161
276,084,2017-12-20,17819.6,Média,17
277,117,2023-09-16,14029.39,Alta,48
278,087,2023-06-25,9664.9,Crítica,134
279,072,2023-05-10,23609.13,Crítica,89
280,065,2020-12-07,13787.54,Média,8
281,121,2024-12-18,17651.95,Média,17
282,139,2020-04-22,13478.75,Média,7
283,090,2023-07-23,13244.98,Alta,65
284,018,2024-12-31,10103.8,Baixa,1
285,008,2024-11-15,19264.51,Média,21
286,052,2016-03-24,6116.98,Média,22
287,040,2020-04-15,8712.66,Alta,46
288,033,2016-12-26,17137.18,Crítica,161
289,030,2019-03-08,14220.61,Alta,56
290,120,2024-09-14,15630.34,Alta,47
291,095,2021-10-28,10024.01,Alta,66
292,030,2020-07-15,12816.13,Alta,43
293,080,2021-07-09,13450.66,Baixa,2
294,149,2016-12-15,15398.18,Média,20
295,080,2018-08-20,14885.0,Crítica,114
296,102,2022-05-28,8885.27,Alta,56
297,020,2024-11-15,15719.19,Baixa,2
298,027,2024-12-27,14060.78,Média,22
299,031,2022-01-27,17234.88,Média,15
300,089,2023-08-24,9182.18,Crítica,117
301,095,2020-05-27,11203.0,Baixa,1
302,130,2022-11-07,9683.88,Média,7
303,004,2019-12-13,15920.12,Crítica,166
304,126,2023-04-01,16785.13,Média,5
305,111,2022-02-11,13380.27,Média,5
306,118,2024-03-25,14540.81,Alta,54
307,112,2020-12-03,22269.09,Média,23
308,134,2021-08-12,11884.75,Média,20
309,138,2024-08-08,11930.48,Crítica,124
310,120,2024-10-10,14740.42,Crítica,137
311,069,2024-04-04,12541.63,Alta,47
312,063,2022-11-15,12280.07,Média,23
313,072,2024-03-11,21620.71,Crítica,101
314,063,2024-05-14,15729.06,Crítica,119
315,146,2023-04-11,21583.9,Crítica,88
316,087,2021-01-28,8702.84,Baixa,3
317,127,2020-06-10,10805.44,Média,5
318,047,2021-04-24,17372.69,Crítica,115
319,055,2019-01-14,16214.0,Alta,49
320,067,2017-01-23,15531.3,Alta,39
321,072,2023-03-19,15866.31,Alta,64
322,143,2024-06-19,22817.74,Baixa,1
323,133,2024-06-17,11735.89,Alta,71
324,022,2024-05-19,16142.99,Baixa,1
325,105,2020-12-17,10552.67,Crítica,98
326,143,2024-09-10,19780.07,Média,23
327,122,2022-02-11,23435.5,Crítica,144
328,115,2023-06-05,9861.53,Baixa,1
329,024,2023-04-04,11835.09,Média,20
330,057,2019-01-16,15800.92,Crítica,167
331,063,2022-03-20,13786.21,Alta,24
332,149,2023-04-30,13194.32,Alta,59
333,122,2021-04-22,24627.23,Alta,24
334,109,2017-09-27,16717.82,Alta,69
335,091,2024-04-11,10404.16,Crítica,100
336,070,2022-10-28,20713.5,Alta,32
337,065,2019-07-05,13462.91,Baixa,1
338,031,2021-01-27,13661.75,Baixa,2
339,081,2024-07-04,13369.69,Média,6
340,138,2024-10-04,10731.13,Alta,32
341,050,2023-12-12,13239.85,Baixa,1
342,124,2022-03-01,14018.3,Alta,33
343,135,2023-09-26,17543.01,Alta,58
344,026,2019-08-06,12747.27,Baixa,1
345,076,2022-02-06,12428.33,Baixa,2
346,093,2024-08-09,12961.56,Baixa,1
347,078,2016-11-19,8855.17,Baixa,3
348,137,2020-02-22,6072.27,Baixa,3
349,071,2019-07-10,12447.56,Média,16
350,014,2021-04-14,8225.62,Média,11
351,033,2024-10-13,14290.53,Crítica,164
352,027,2023-02-03,9399.85,Baixa,3
353,147,2024-12-12,17372.8,Alta,46
354,121,2017-07-13,13989.55,Crítica,86
355,113,2023-04-09,13793.05,Média,20
356,048,2022-05-21,8076.96,Baixa,2
357,065,2021-05-10,12102.87,Crítica,89
358,030,2018-09-01,9861.45,Baixa,3
359,103,2021-03-12,10763.1,Crítica,132
360,019,2022-08-13,16473.67,Média,18
361,039,2023-03-01,6730.74,Baixa,2
362,145,2017-12-31,16025.57,Alta,61
363,022,2019-11-07,14462.7,Baixa,1
364,031,2021-11-24,17124.23,Crítica,117
365,058,2023-09-26,16221.75,Crítica,73
366,116,2024-06-27,10189.74,Crítica,118
367,077,2022-06-23,10704.77,Crítica,152
368,079,2023-02-26,24218.52,Baixa,1
369,026,2022-06-21,17003.35,Baixa,3
370,055,2022-05-20,17490.74,Alta,53
371,021,2022-06-11,12766.64,Baixa,2
372,062,2021-02-22,8645.09,Alta,31
373,142,2024-01-23,8132.57,Baixa,3
374,041,2022-12-30,13246.79,Média,8
375,105,2021-01-24,11108.07,Crítica,89
376,121,2015-07-08,15425.26,Alta,25
377,009,2024-04-20,12925.06,Alta,60
378,074,2020-04-03,9018.42,Média,6
379,117,2024-10-18,16075.39,Média,7
380,060,2024-01-18,8860.01,Média,13
381,051,2023-06-28,13883.31,Crítica,165
382,030,2022-07-11,8817.62,Alta,54
383,039,2022-12-10,6047.49,Alta,56
384,037,2024-02-16,13033.47,Média,13
385,016,2024-12-17,14559.12,Alta,41
386,079,2022-06-14,21699.04,Alta,44
387,113,2023-06-01,10366.99,Baixa,2
388,120,2024-07-14,15593.86,Alta,52
389,104,2022-03-06,13636.16,Alta,68
390,129,2017-11-13,11858.15,Crítica,110
391,113,2023-07-26,13064.46,Baixa,1
392,011,2018-06-19,10748.69,Crítica,82
393,083,2024-10-24,13604.72,Alta,37
394,007,2020-08-28,19673.95,Baixa,2
395,059,2022-10-23,11343.9,Baixa,2
396,069,2024-03-08,17949.97,Média,13
397,045,2023-10-09,11298.9,Crítica,74
398,133,2023-09-29,11556.59,Crítica,161
399,072,2023-11-25,17659.51,Média,12
400,150,2023-01-11,12270.43,Crítica,162
401,126,2021-11-28,14731.72,Média,16
402,121,2022-01-04,17996.05,Alta,41
403,105,2021-10-23,10589.48,Média,14
404,083,2020-03-23,16949.59,Média,21
405,042,2024-07-18,10987.25,Média,12
406,106,2024-04-30,10998.98,Crítica,100
407,074,2022-06-25,11800.17,Crítica,118
408,141,2022-04-22,16087.36,Média,10
409,117,2023-09-03,13702.98,Média,4
410,081,2021-10-19,12937.22,Alta,37
411,083,2020-03-16,14047.2,Média,17
412,104,2023-01-28,13298.86,Média,15
413,139,2023-10-09,15090.13,Crítica,167
414,106,2023-11-30,10947.53,Baixa,1
415,049,2024-12-18,16854.11,Alta,45
416,128,2024-07-26,15850.77,Crítica,94
417,014,2020-05-15,11373.59,Alta,35
418,069,2024-11-30,14447.6,Baixa,1
419,074,2022-07-26,9108.14,Crítica,150
420,125,2022-04-13,12646.17,Média,14
421,008,2024-12-18,22938.49,Média,13
422,041,2023-06-12,15967.17,Alta,65
423,142,2019-10-05,8912.89,Baixa,1
424,142,2018-08-16,14772.7,Crítica,89
425,024,2020-12-23,11951.43,Alta,48
426,030,2019-10-29,11641.35,Crítica,101
427,031,2020-05-04,12473.96,Baixa,1
428,128,2023-02-19,14544.79,Alta,59
429,131,2017-08-28,9222.79,Média,8
430,107,2024-10-16,11060.23,Crítica,90
431,121,2016-06-24,15664.2,Baixa,2
432,117,2023-05-05,16005.55,Baixa,2
433,099,2024-12-30,16903.27,Baixa,1
434,131,2023-06-19,9878.06,Alta,34
435,018,2024-10-18,11513.16,Média,4
436,107,2024-12-31,10830.64,Média,16
437,130,2024-08-18,13677.53,Média,7
438,001,2022-09-09,12060.99,Média,15
439,077,2023-04-09,11890.01,Crítica,156
440,039,2024-11-01,9781.97,Crítica,72
441,138,2024-04-23,9136.75,Crítica,94
442,089,2023-10-26,10529.24,Média,6
443,142,2021-06-28,8031.59,Crítica,116
444,117,2023-02-10,13528.72,Alta,44
445,049,2024-12-12,16169.51,Baixa,3
446,147,2024-04-03,16646.79,Crítica,104
447,060,2024-01-02,9199.65,Crítica,78
448,012,2020-03-07,19364.89,Alta,69
449,122,2021-12-24,22976.63,Crítica,98
450,099,2024-12-13,13692.55,Baixa,2
451,127,2022-12-27,9520.45,Baixa,1
452,033,2021-01-21,14812.48,Alta,45
453,026,2018-05-08,17407.57,Crítica,142
454,026,2020-05-11,16666.95,Crítica,148
455,004,2023-02-04,15314.24,Baixa,1
456,105,2021-03-14,11456.48,Alta,33
457,020,2024-04-24,17721.18,Crítica,95
458,068,2018-05-25,13112.73,Alta,63
459,102,2023-05-13,13487.79,Baixa,2
460,085,2021-01-12,17925.2,Crítica,127
461,082,2022-02-25,8553.74,Crítica,123
462,139,2023-11-13,14015.21,Média,4
463,018,2024-08-06,11577.36,Alta,62
464,074,2024-10-28,10498.69,Alta,29
465,024,2024-10-14,11573.73,Crítica,91
466,026,2022-01-12,15017.65,Média,12
467,114,2022-08-16,9808.14,Alta,30
468,077,2024-06-15,10596.87,Baixa,2
469,012,2024-12-09,22258.28,Alta,54
470,015,2019-04-23,24584.28,Alta,55
471,092,2021-04-04,12736.93,Alta,45
472,111,2024-06-28,11653.83,Alta,30
473,063,2023-09-25,17860.33,Crítica,161
474,145,2018-03-19,21508.64,Média,4
475,044,2022-10-23,16772.01,Baixa,1
476,021,2024-09-16,17759.94,Crítica,117
477,062,2021-10-24,9148.08,Crítica,147
478,150,2023-04-23,16537.46,Baixa,2
479,060,2023-05-11,11230.68,Crítica,112
480,066,2020-01-26,16318.33,Crítica,73
481,066,2023-05-17,12583.61,Média,20
482,120,2024-07-10,16360.97,Alta,53
483,140,2024-07-01,5182.29,Baixa,2
484,019,2021-04-22,16000.06,Crítica,86
485,089,2023-09-04,11243.62,Média,16
486,109,2024-05-21,12847.01,Alta,65
487,117,2024-05-03,13331.37,Alta,71
488,051,2019-02-14,8451.74,Crítica,116
489,124,2019-11-15,14069.95,Média,12
490,061,2022-04-05,12684.83,Crítica,88
491,147,2024-10-26,16346.16,Alta,60
492,148,2022-10-13,12090.04,Alta,58
493,076,2022-06-23,17654.22,Média,20
494,102,2024-01-10,14161.25,Média,19
495,003,2024-02-16,11659.19,Baixa,2
496,128,2024-12-28,17262.54,Alta,31
497,059,2021-01-30,11396.43,Média,17
498,057,2019-10-25,17016.38,Baixa,2
499,065,2021-09-26,12466.4,Baixa,1
500,025,2019-12-04,11449.54,Baixa,3
501,080,2022-02-20,9904.33,Crítica,148
502,009,2023-06-09,13229.41,Média,9
503,034,2023-03-03,19694.79,Baixa,1
504,076,2021-08-13,12962.98,Alta,67
505,107,2024-11-03,10057.77,Alta,64
506,052,2016-09-02,9997.12,Baixa,2
507,139,2023-10-02,16482.81,Alta,71
508,136,2022-04-27,8763.7,Média,22
509,043,2019-12-21,10999.99,Média,18
510,124,2020-02-06,16061.17,Alta,47
511,087,2023-02-28,10016.7,Baixa,1
512,120,2024-07-06,17543.26,Média,12
513,037,2023-06-25,17042.74,Baixa,1
514,102,2024-09-05,10593.22,Média,9
515,024,2023-01-09,9720.01,Crítica,116
516,004,2021-08-01,14782.51,Alta,48
517,138,2024-03-04,11605.22,Baixa,2
518,117,2024-07-03,12696.68,Alta,42
519,068,2023-07-01,17468.01,Crítica,146
520,096,2024-11-15,17042.74,Baixa,2
521,060,2023-05-10,10924.21,Crítica,165
522,007,2019-07-31,21066.08,Alta,65
523,057,2017-05-31,13146.73,Média,20
524,119,2024-03-27,15575.11,Alta,33
525,105,2022-12-31,11515.38,Baixa,2
526,036,2017-11-06,16898.28,Média,6
527,010,2023-09-01,10592.14,Média,12
528,127,2022-08-19,10143.63,Baixa,2
529,025,2021-10-12,10507.77,Alta,71
530,138,2023-11-30,9978.9,Alta,70
531,100,2024-10-27,23495.93,Crítica,104
532,095,2019-12-02,10226.51,Crítica,126
533,040,2021-01-02,9098.99,Crítica,110
534,026,2022-06-22,15147.28,Crítica,156
535,105,2020-07-23,8709.4,Média,11
536,009,2022-01-26,13505.16,Média,20
537,056,2020-01-19,8742.03,Crítica,92
538,114,2017-09-02,10528.42,Alta,54
539,093,2023-02-09,14276.37,Média,5
540,095,2023-07-10,11049.05,Média,14
541,016,2024-05-15,13606.1,Crítica,86
542,071,2017-12-08,14883.73,Baixa,3
543,032,2023-10-24,5365.35,Crítica,137
544,024,2022-05-12,11337.17,Alta,51
545,006,2018-11-29,13378.88,Média,10
546,086,2024-10-06,9532.69,Alta,48
547,033,2019-08-25,14541.01,Baixa,3
548,018,2024-12-15,11432.95,Alta,66
549,056,2023-02-05,5714.87,Baixa,2
550,085,2020-03-23,12625.01,Baixa,3
551,001,2018-10-27,12175.82,Média,17
552,038,2021-06-09,12560.08,Baixa,1
553,139,2019-09-14,13934.4,Alta,37
554,045,2017-08-27,8518.88,Baixa,2
555,007,2019-04-05,17054.02,Média,10
556,004,2020-01-11,15769.09,Alta,71
557,061,2023-05-14,17153.08,Alta,28
558,005,2023-05-23,17023.91,Baixa,1
559,068,2024-03-12,14477.75,Média,23
560,033,2024-04-04,13447.32,Crítica,116
561,135,2024-10-03,15527.83,Média,11
562,017,2016-02-04,8148.96,Crítica,119
563,115,2024-05-12,9788.63,Média,17
564,132,2022-05-07,13239.58,Média,8
565,116,2024-10-02,11345.87,Alta,56
566,012,2017-09-27,22523.66,Alta,31
567,118,2024-08-20,12649.83,Baixa,2
568,016,2024-05-26,10427.22,Crítica,163
569,103,2021-10-25,8246.72,Crítica,102
570,028,2021-06-25,17902.66,Crítica,110
571,114,2019-02-27,11211.48,Baixa,3
572,021,2024-10-17,13912.38,Alta,42
573,038,2024-04-17,14223.97,Média,19
574,033,2024-06-02,17290.41,Alta,57
575,150,2021-11-18,14463.4,Alta,47
576,098,2023-03-12,9843.87,Média,4
577,117,2023-01-21,13137.46,Crítica,147
578,026,2021-03-19,14340.66,Média,19
579,142,2020-11-05,10743.72,Alta,41
580,111,2023-05-10,13373.53,Crítica,97
581,059,2021-10-01,9588.53,Crítica,116
582,087,2024-02-19,10077.44,Crítica,106
583,103,2023-10-04,10917.37,Crítica,166
584,025,2019-12-17,9635.67,Média,23
585,110,2023-04-08,11281.73,Média,10
586,066,2023-05-12,14884.76,Alta,42
587,040,2019-09-21,9187.42,Crítica,96
588,018,2024-10-31,11734.07,Baixa,3
589,022,2020-10-14,16020.64,Média,6
590,111,2020-03-26,14130.97,Baixa,3
591,096,2024-12-25,15550.21,Média,21
592,143,2024-09-04,23975.47,Baixa,1
593,144,2024-12-26,9143.2,Média,7
594,032,2022-05-18,8596.1,Crítica,117
595,091,2024-05-16,9832.9,Crítica,105
596,014,2024-06-28,8065.66,Média,8
597,080,2023-01-16,9646.79,Média,19
598,027,2024-02-27,13557.26,Alta,47
599,040,2020-07-13,9531.81,Crítica,115
600,058,2024-10-11,15225.11,Média,5
601,090,2023-05-11,9244.57,Média,15
602,030,2021-12-04,9614.55,Média,9
603,147,2024-06-08,16219.56,Baixa,3
604,110,2020-06-05,11931.9,Baixa,2
605,069,2024-04-05,14556.23,Média,6
606,047,2021-09-08,13107.59,Alta,33
607,080,2017-11-25,8893.35,Média,20
608,090,2022-10-18,9746.34,Baixa,3
609,047,2020-06-07,17126.84,Baixa,3
610,145,2023-03-10,23434.1,Crítica,157
611,018,2024-09-30,11324.57,Alta,30
612,008,2024-11-13,21433.4,Baixa,2
613,136,2024-10-04,8901.15,Alta,32
614,097,2024-04-12,9326.61,Crítica,99
615,117,2024-06-23,14209.29,Alta,66
616,041,2023-05-07,12946.93,Alta,28
617,080,2020-05-25,9263.42,Média,8
618,146,2021-03-25,18359.79,Baixa,3
619,014,2020-02-01,10965.46,Alta,24
620,041,2023-12-23,12608.85,Média,6
621,021,2024-01-18,16630.14,Alta,70
622,114,2024-10-24,11111.62,Crítica,117
623,125,2021-05-31,14636.42,Crítica,151
624,107,2024-04-29,10109.96,Média,6
625,056,2019-09-28,7629.63,Média,22
626,089,2023-12-20,9168.34,Crítica,117
627,029,2023-07-26,23653.52,Alta,35
628,125,2024-07-20,12895.3,Alta,60
629,012,2021-06-16,17435.29,Média,10
630,102,2021-11-28,14542.89,Baixa,3
631,002,2022-06-27,15365.06,Baixa,1
632,078,2016-11-09,8996.41,Alta,27
633,036,2020-01-07,15994.62,Alta,60
634,075,2024-09-28,12056.83,Média,14
635,031,2021-11-04,17642.18,Média,12
636,128,2023-05-27,13824.75,Crítica,155
637,045,2022-11-29,11370.44,Alta,71
638,098,2020-03-01,11529.11,Alta,28
639,129,2020-11-17,9330.4,Média,16
640,019,2020-04-17,17501.11,Crítica,118
641,011,2016-01-09,11922.92,Crítica,110
642,005,2021-07-05,12406.11,Crítica,162
643,020,2024-05-18,14094.51,Alta,55
644,148,2021-01-14,17913.24,Crítica,99
645,147,2024-12-30,14623.13,Crítica,111
646,107,2023-09-16,10647.71,Média,23
647,030,2018-10-26,14238.45,Crítica,89
648,006,2017-09-14,17719.43,Alta,42
649,044,2022-08-30,14874.32,Crítica,136
650,093,2023-07-11,16845.08,Média,9
651,112,2023-08-24,21047.44,Baixa,2
652,063,2024-11-01,12097.85,Crítica,142
653,103,2021-10-01,8470.65,Baixa,1
654,102,2024-10-18,8869.7,Média,21
655,087,2024-05-06,9033.88,Alta,71
656,086,2024-11-21,9924.78,Alta,35
657,020,2024-12-04,13952.64,Média,15
658,136,2016-11-09,10855.05,Alta,63
659,090,2022-01-26,12157.74,Média,9
660,038,2020-12-07,14540.78,Baixa,3
661,027,2023-04-13,8806.75,Alta,66
662,066,2021-05-18,12555.63,Baixa,3
663,045,2018-11-20,10673.38,Alta,28
664,020,2024-11-09,12482.58,Baixa,1
665,127,2024-06-25,8689.64,Crítica,136
666,145,2022-03-19,17632.44,Crítica,167
667,145,2016-11-25,22377.24,Alta,37
668,081,2022-10-27,15490.04,Baixa,2
669,113,2023-03-13,12010.81,Baixa,1
670,121,2020-04-27,16809.19,Crítica,86
671,078,2018-01-10,8262.86,Média,21
672,015,2019-05-14,19208.36,Alta,55
673,130,2023-09-26,8700.79,Baixa,3
674,080,2022-09-09,14998.56,Crítica,157
675,116,2024-03-18,8908.94,Baixa,3
676,015,2024-04-04,20126.47,Alta,44
677,074,2023-06-26,10432.76,Baixa,1
678,024,2020-04-08,11751.91,Crítica,82
679,119,2020-03-22,12031.62,Média,21
680,116,2023-08-15,9793.54,Alta,27
681,083,2024-08-19,14786.4,Crítica,105
682,129,2022-04-02,10164.97,Alta,69
683,016,2023-08-20,14872.7,Crítica,99
684,027,2024-11-17,8578.72,Média,7
685,022,2023-02-19,14937.49,Baixa,2
686,011,2019-08-29,9851.1,Alta,66
687,113,2022-10-18,11250.51,Crítica,139
688,135,2024-04-04,13645.06,Baixa,3
689,094,2021-01-10,13969.41,Alta,52
690,073,2021-06-18,23304.24,Crítica,159
691,105,2022-08-02,8192.12,Média,15
692,014,2021-09-21,11535.45,Média,19
693,017,2019-07-18,9783.01,Média,7
694,025,2024-10-26,9931.76,Crítica,91
695,073,2023-03-25,23935.43,Alta,49
696,039,2021-02-03,9746.86,Alta,43
697,021,2024-12-18,16745.36,Baixa,2
698,090,2024-07-29,8693.18,Média,12
699,101,2024-12-09,12694.48,Alta,65
700,022,2023-03-16,17329.37,Alta,70
701,144,2024-05-29,11841.33,Crítica,88
702,085,2019-03-03,15680.84,Baixa,2
703,135,2024-10-03,17652.09,Média,14
704,109,2024-06-07,15140.39,Alta,63
705,005,2023-02-12,12088.61,Alta,40
706,080,2024-12-22,12628.86,Alta,53
707,055,2016-09-14,16132.46,Alta,42
708,125,2022-06-13,14128.93,Baixa,3
709,058,2023-06-21,16269.97,Baixa,2
710,040,2016-06-24,11644.23,Baixa,1
711,076,2024-02-22,12554.93,Média,9
712,130,2024-05-13,8599.09,Baixa,3
713,087,2023-07-13,10540.09,Alta,53
714,097,2024-06-10,8884.42,Alta,66
715,042,2024-12-02,8493.61,Alta,25
716,043,2017-04-06,9422.81,Crítica,156
717,012,2021-08-01,21712.04,Crítica,75
718,094,2024-01-31,13368.57,Baixa,2
719,114,2017-03-25,11684.25,Média,15
720,115,2023-01-05,11504.89,Alta,45
721,137,2022-02-17,7904.51,Baixa,3
722,080,2017-04-24,9060.55,Crítica,76
723,050,2024-10-31,14006.35,Alta,40
724,147,2024-07-20,14506.91,Crítica,155
725,119,2022-02-09,16585.66,Alta,44
726,098,2020-08-09,9147.32,Crítica,135
727,042,2024-03-04,9544.23,Alta,43
728,036,2019-08-23,13184.53,Alta,62
729,014,2023-05-14,8132.63,Crítica,151
730,096,2024-09-24,23246.71,Baixa,2
731,133,2024-11-19,10412.72,Baixa,1
732,073,2022-03-14,23632.52,Baixa,3
733,042,2024-12-14,9234.58,Média,15
734,116,2024-05-28,11868.84,Alta,48
735,112,2021-09-04,19251.57,Baixa,3
736,057,2022-08-20,15689.66,Crítica,113
737,090,2023-10-08,13161.97,Baixa,3
738,107,2024-09-27,11899.68,Baixa,2
739,102,2022-07-28,12956.51,Média,19
740,061,2024-08-28,16360.02,Crítica,113
741,021,2022-09-17,17488.07,Alta,64
742,058,2021-09-27,13890.31,Média,18
743,082,2024-11-14,10388.46,Baixa,2
744,086,2024-11-22,10962.54,Alta,40
745,036,2016-12-16,12839.14,Média,10
746,074,2022-02-02,11890.81,Crítica,108
747,036,2018-05-12,12600.59,Crítica,108
748,115,2021-09-25,10248.12,Baixa,3
749,021,2022-12-26,15178.0,Média,8
750,066,2019-11-25,13959.16,Baixa,2
751,039,2022-03-09,7253.04,Crítica,88
752,029,2022-05-14,15271.58,Alta,27
753,061,2023-05-26,12971.15,Alta,37
754,032,2024-02-12,6702.83,Média,21
755,062,2024-09-14,14195.73,Crítica,138
756,118,2024-07-30,13116.5,Baixa,1
757,029,2023-10-03,15434.43,Crítica,133
758,138,2024-03-05,8304.48,Baixa,2
759,132,2019-10-17,15745.85,Baixa,2
760,037,2024-04-24,12474.53,Alta,42
761,110,2022-05-15,12578.01,Baixa,1
762,091,2023-08-15,10360.45,Alta,61
763,147,2023-12-04,13938.69,Crítica,119
764,048,2022-09-03,10025.57,Baixa,3
765,135,2023-09-28,14553.16,Alta,36
766,018,2024-11-24,9298.07,Baixa,3
767,100,2023-09-14,22497.55,Crítica,93
768,012,2020-02-27,22556.33,Crítica,138
769,096,2024-08-14,17118.12,Alta,50
770,005,2021-12-05,14017.35,Alta,36
771,018,2024-10-12,8306.71,Média,14
772,062,2021-03-03,9204.32,Baixa,1
773,149,2023-03-25,12682.99,Alta,66
774,035,2023-05-03,22123.81,Baixa,2
775,091,2024-06-14,12692.92,Média,20
776,045,2022-02-09,9206.44,Crítica,98
777,123,2024-05-02,15508.38,Média,5
778,035,2023-07-29,16326.51,Baixa,1
779,118,2024-09-26,12517.88,Baixa,3
780,076,2022-12-20,15785.9,Baixa,3
781,012,2021-10-04,23500.77,Média,5
782,011,2024-05-17,10657.24,Média,4
783,080,2020-02-01,14882.4,Crítica,93
784,140,2024-06-01,9786.48,Crítica,74
785,065,2019-04-08,14671.27,Média,18
786,049,2024-12-08,17006.71,Alta,38
787,092,2018-02-07,15319.29,Média,7
788,085,2022-04-03,12378.33,Alta,26
789,032,2022-04-06,6402.26,Alta,56
790,112,2022-05-13,23596.39,Crítica,83
791,113,2023-06-08,14140.84,Crítica,139
792,087,2023-02-01,11829.5,Alta,39
793,128,2022-11-01,13721.16,Crítica,79
794,095,2019-11-17,10250.15,Média,10
795,022,2021-07-16,12565.68,Crítica,90
796,021,2024-12-12,15751.71,Crítica,127
797,047,2022-07-03,17347.83,Alta,27
798,083,2022-03-01,17701.19,Média,23
799,021,2024-01-13,16794.31,Alta,60
800,076,2023-11-12,12562.1,Alta,65
801,115,2024-08-06,10832.51,Crítica,159
802,043,2020-09-30,11518.24,Crítica,111
803,090,2022-06-10,9431.3,Crítica,103
804,011,2023-02-04,11078.44,Média,16
805,112,2020-09-18,20652.73,Alta,37
806,015,2022-10-06,16267.49,Baixa,2
807,104,2019-02-03,13680.32,Alta,34
808,132,2022-06-25,13421.53,Baixa,1
809,008,2024-12-06,17117.3,Média,6
810,113,2024-01-13,13457.48,Baixa,3
811,033,2019-01-29,14108.86,Média,14
812,061,2023-12-05,17065.53,Alta,66
813,093,2019-12-30,15166.93,Crítica,101
814,146,2021-02-26,16776.21,Baixa,2
815,040,2022-08-26,11111.65,Crítica,93
816,095,2022-04-15,9247.35,Média,15
817,114,2024-10-23,11114.63,Baixa,1
818,147,2024-11-28,12796.59,Baixa,2
819,136,2022-08-04,9304.87,Média,10
820,102,2022-06-23,13471.35,Média,11
821,072,2022-12-31,16779.0,Média,14
822,030,2018-11-11,11686.41,Baixa,2
823,048,2024-10-06,11135.71,Crítica,140
824,133,2024-10-22,10899.09,Crítica,88
825,144,2024-09-29,10294.02,Baixa,1
826,068,2024-07-23,12746.69,Alta,61
827,115,2023-05-30,11664.11,Alta,69
828,074,2019-11-22,14163.38,Crítica,142
829,052,2017-12-05,7967.49,Média,23
830,035,2021-10-01,18815.21,Baixa,3
831,116,2022-07-01,11284.58,Alta,39
832,114,2022-04-25,9572.42,Baixa,1
833,082,2023-05-14,8471.6,Média,7
834,017,2021-12-18,8527.1,Média,10
835,077,2020-10-17,11813.5,Alta,39
836,045,2018-12-14,10614.09,Média,15
837,131,2022-09-17,8206.7,Alta,44
838,032,2023-11-19,6008.68,Baixa,1
839,036,2019-10-23,16154.71,Baixa,2
840,127,2023-10-09,10737.46,Baixa,3
841,093,2020-02-28,16464.24,Alta,31
842,120,2024-07-23,14331.33,Baixa,2
843,023,2024-11-23,7338.91,Média,20
844,080,2021-10-16,9377.13,Crítica,134
845,123,2024-07-23,19335.04,Crítica,131
846,105,2020-01-11,8200.35,Baixa,3
847,033,2022-04-08,15421.53,Alta,60
848,019,2020-10-02,16401.1,Crítica,97
849,120,2024-09-04,14123.89,Alta,33
850,033,2024-11-29,12037.97,Baixa,1
851,034,2017-07-18,18167.42,Crítica,150
852,129,2017-11-29,11514.54,Baixa,1
853,032,2022-04-24,6906.43,Baixa,1
854,078,2024-06-10,10839.55,Alta,38
855,042,2024-09-04,9937.09,Média,9
856,058,2023-02-12,13677.51,Alta,65
857,133,2024-09-17,8447.68,Média,21
858,021,2022-08-21,16510.78,Alta,54
859,051,2020-08-21,13102.71,Média,6
860,033,2023-05-02,14818.5,Alta,58
861,137,2022-04-17,6668.79,Média,19
862,129,2023-09-06,8427.02,Alta,64
863,149,2020-09-13,15279.92,Baixa,3
864,044,2022-05-10,17279.29,Alta,46
865,145,2019-11-14,22606.48,Baixa,2
866,008,2024-10-19,18625.02,Baixa,2
867,012,2018-11-30,23067.88,Alta,32
868,054,2020-12-20,16330.38,Crítica,124
869,008,2024-06-03,18680.09,Crítica,152
870,140,2024-11-08,5204.77,Alta,62
871,078,2017-03-19,10550.93,Crítica,133
872,063,2023-03-23,14661.42,Crítica,138
873,077,2021-12-27,8110.4,Crítica,128
874,019,2024-06-14,15335.32,Média,5
875,041,2024-09-16,15508.21,Crítica,127
876,107,2023-08-02,10553.78,Crítica,119
877,119,2021-12-30,15356.22,Baixa,3
878,088,2024-04-19,14062.62,Baixa,1
879,081,2023-04-29,17275.07,Alta,57
880,089,2023-08-20,11421.94,Crítica,76
881,034,2021-04-04,17852.62,Alta,39
882,132,2024-02-04,13277.85,Média,21
883,082,2023-01-23,8858.98,Alta,29
884,120,2024-09-24,16734.55,Média,10
885,069,2024-12-29,14753.19,Crítica,136
886,064,2021-09-18,19791.4,Média,5
887,025,2018-01-27,9064.16,Baixa,3
888,075,2024-11-24,13830.71,Crítica,130
889,108,2019-08-16,14970.46,Baixa,2
890,041,2024-12-24,15841.6,Alta,42
891,148,2019-02-24,16634.63,Alta,53
892,049,2024-11-08,16959.14,Baixa,1
893,128,2023-04-03,12758.18,Crítica,80
894,128,2022-12-27,15999.82,Alta,30
895,128,2023-05-28,15085.26,Média,4
896,024,2023-12-08,11450.3,Crítica,101
897,130,2022-10-31,14621.1,Crítica,74
898,062,2020-11-02,10466.11,Alta,67
899,150,2023-07-14,14172.2,Alta,38
900,013,2021-06-19,10508.34,Baixa,1
901,073,2023-01-10,18906.98,Crítica,111
902,121,2023-02-24,13734.67,Alta,36
903,138,2024-10-23,9887.84,Baixa,1
904,028,2021-05-05,14216.23,Crítica,72
905,035,2024-01-25,19535.05,Alta,52
906,094,2024-11-24,12716.16,Crítica,164
907,094,2018-02-09,13869.68,Média,10
908,103,2021-06-10,11179.15,Baixa,2
909,146,2023-02-23,23709.99,Média,6
910,093,2022-11-23,13269.42,Alta,25
911,019,2024-06-25,17047.32,Crítica,131
912,130,2024-10-03,9422.54,Crítica,167
913,141,2023-08-07,13303.53,Alta,28
914,031,2022-02-27,15510.51,Baixa,2
915,025,2022-01-29,9822.09,Crítica,98
916,096,2024-12-27,23846.21,Alta,49
917,143,2024-10-15,19980.93,Alta,43
918,037,2021-06-03,13848.67,Baixa,3
919,131,2017-03-10,11550.51,Crítica,143
920,129,2020-05-21,10512.98,Baixa,1
921,012,2016-10-08,16268.57,Baixa,3
922,036,2020-06-22,13261.01,Alta,33
923,122,2020-11-29,18161.89,Crítica,131
924,039,2023-11-26,6652.62,Baixa,3
925,084,2021-12-27,23653.39,Alta,47
926,042,2024-04-05,8255.4,Crítica,116
927,077,2022-01-25,11530.7,Média,15
928,130,2023-04-09,14111.18,Crítica,158
929,145,2022-05-16,20185.23,Alta,30
930,122,2021-03-24,15387.95,Baixa,1
931,095,2019-09-02,9048.52,Média,4
932,029,2020-10-13,16745.51,Crítica,84
933,150,2023-05-19,12398.55,Alta,60
934,007,2018-01-17,19454.76,Crítica,134
935,068,2020-07-01,12094.29,Baixa,3
936,014,2020-02-14,9404.36,Crítica,162
937,044,2022-02-17,14092.49,Crítica,88
938,038,2022-03-24,15558.6,Baixa,1
939,009,2020-04-26,13140.22,Baixa,3
940,049,2024-11-30,17887.32,Média,20
941,113,2024-05-23,10957.6,Média,20
942,108,2024-02-28,16799.73,Baixa,2
943,106,2024-04-10,11498.09,Alta,35
944,106,2023-11-03,14394.81,Crítica,80
945,016,2024-02-18,9311.76,Alta,46
946,133,2023-12-08,9699.02,Alta,29
947,144,2024-09-12,9791.26,Média,11
948,123,2024-09-20,21907.04,Crítica,85
949,081,2022-09-14,14393.33,Baixa,3
950,118,2024-02-19,13100.11,Média,15
951,140,2022-12-01,9188.6,Alta,40
952,068,2020-06-27,13116.8,Crítica,158
953,050,2023-07-01,13946.41,Baixa,1
954,072,2023-04-07,23711.94,Alta,49
955,058,2023-08-10,17432.69,Alta,54
956,074,2021-01-10,8458.93,Alta,69
957,126,2021-12-07,13151.98,Alta,59
958,123,2024-10-02,19007.09,Alta,61
959,144,2024-03-09,9448.83,Média,22
960,074,2021-01-18,10528.28,Baixa,3
961,147,2024-09-18,16134.48,Crítica,139
962,102,2024-06-14,13947.78,Média,16
963,038,2023-12-02,12714.43,Alta,59
964,011,2021-04-14,11106.37,Média,7
965,021,2024-07-14,16966.08,Alta,33
966,114,2016-10-12,8026.27,Média,20
967,123,2024-03-02,22097.01,Média,12
968,052,2017-02-28,8408.7,Alta,41
969,144,2024-01-27,8462.6,Média,18
970,036,2024-09-18,16568.59,Média,7
971,062,2023-03-23,9558.34,Alta,46
972,013,2023-02-26,8507.71,Alta,67
973,060,2023-11-04,9182.83,Baixa,1
974,026,2023-04-04,17283.51,Crítica,116
975,085,2020-05-20,13314.07,Crítica,134
976,026,2024-03-29,17155.52,Baixa,3
977,002,2022-07-07,17806.9,Baixa,3
978,105,2022-08-12,10343.55,Crítica,128
979,123,2024-10-25,20431.97,Média,7
980,074,2019-11-08,14535.69,Média,6
981,074,2023-10-31,10747.53,Baixa,3
982,023,2024-12-18,5985.92,Baixa,2
983,137,2022-07-17,9785.75,Média,11
984,045,2021-06-25,9643.27,Crítica,95
985,046,2024-11-27,13316.79,Média,18
986,102,2022-11-02,9429.99,Crítica,128
987,048,2024-07-30,9661.01,Média,12
988,010,2023-11-27,12025.14,Baixa,2
989,077,2023-01-19,8326.44,Baixa,3
990,086,2024-11-22,10294.61,Média,13
991,117,2023-02-13,15746.3,Crítica,159
992,035,2024-05-23,17133.1,Crítica,159
993,070,2019-09-05,22722.91,Média,19
994,029,2021-01-27,16173.91,Alta,30
995,042,2024-08-04,10755.02,Crítica,73
996,066,2023-01-29,13771.22,Baixa,3
997,004,2023-04-15,17925.07,Alta,34
998,076,2022-09-08,17884.51,Baixa,1
999,045,2019-10-24,9018.57,Crítica,143
1000,110,2019-10-05,12927.24,Média,4
1001,023,2023-04-04,5601.51,Crítica,124
1002,025,2020-06-06,8133.03,Alta,37
1003,036,2023-12-22,15739.11,Crítica,77
1004,083,2022-04-10,16673.66,Baixa,3
1005,002,2021-04-21,14979.72,Alta,47
1006,099,2024-12-21,16731.61,Baixa,1
1007,115,2022-02-07,10374.74,Média,17
1008,085,2021-09-29,13028.09,Alta,44
1009,150,2023-05-14,15795.51,Média,4
1010,067,2018-01-08,12529.34,Alta,70
1011,061,2022-07-25,12476.16,Média,9
1012,031,2020-09-20,12069.25,Crítica,80
1013,079,2022-11-13,23122.9,Média,4
1014,104,2019-10-10,14768.27,Alta,71
1015,031,2020-12-09,15654.75,Alta,49
1016,095,2023-01-08,8793.27,Alta,29
1017,057,2018-10-30,16968.95,Baixa,3
1018,123,2024-04-14,20872.74,Média,11
1019,117,2023-03-04,16856.68,Alta,53
1020,107,2023-07-04,11693.36,Crítica,161
1021,138,2024-04-03,11449.55,Alta,67
1022,064,2022-09-05,15290.16,Baixa,1
1023,135,2024-12-11,12622.78,Crítica,161
1024,136,2020-05-15,10408.33,Média,6
1025,020,2024-07-15,13693.96,Média,23
1026,016,2023-12-10,9454.29,Alta,30
1027,147,2024-01-05,12890.19,Baixa,2
1028,043,2022-01-14,8727.67,Média,12
1029,134,2024-03-05,8008.23,Crítica,82
1030,030,2020-04-22,9521.42,Alta,60
1031,150,2021-12-25,15187.11,Crítica,112
1032,024,2021-02-02,11164.4,Crítica,151
1033,015,2023-03-14,16399.2,Crítica,139
1034,034,2020-12-16,21706.29,Crítica,106
1035,117,2023-12-16,17072.07,Média,19
1036,144,2024-07-21,9049.79,Crítica,143
1037,079,2021-07-10,18970.78,Baixa,3
1038,102,2023-11-29,8240.18,Média,22
1039,001,2017-02-03,12120.68,Alta,54
1040,149,2017-09-02,15762.96,Média,21
1041,012,2022-03-14,16233.99,Crítica,127
1042,089,2024-07-27,11191.8,Baixa,3
1043,139,2022-04-10,16072.3,Média,13
1044,018,2024-09-04,10390.65,Crítica,126
1045,009,2020-02-21,11383.2,Média,16
1046,105,2022-04-26,8637.72,Alta,60
1047,035,2022-12-19,22759.33,Crítica,75
1048,096,2024-07-30,22802.99,Crítica,83
1049,115,2021-10-05,8586.61,Crítica,87
1050,097,2024-06-21,10757.73,Baixa,2
1051,139,2022-08-05,13952.59,Baixa,1
1052,090,2024-04-10,9863.26,Baixa,1
1053,046,2024-11-22,12497.86,Crítica,133
1054,136,2019-03-30,8198.07,Alta,44
1055,058,2023-10-02,14486.62,Média,20
1056,006,2017-06-12,12171.15,Alta,39
1057,119,2020-03-11,15524.28,Crítica,147
1058,137,2023-09-29,8636.82,Crítica,151
1059,059,2020-11-14,9734.71,Alta,33
1060,118,2024-12-09,14185.97,Média,9
1061,040,2020-03-28,11373.79,Média,10
1062,049,2024-12-02,16877.1,Média,21
1063,009,2023-05-05,13248.11,Crítica,114
1064,005,2021-11-28,12446.79,Baixa,2
1065,053,2019-04-07,11582.1,Baixa,1
1066,026,2021-02-15,14057.73,Média,10
1067,115,2021-10-06,8016.93,Baixa,2
1068,063,2023-09-22,12654.17,Média,23
1069,103,2023-07-20,11891.39,Crítica,129
1070,060,2023-07-18,8440.74,Alta,32
1071,015,2022-01-16,18079.86,Média,19
1072,129,2022-05-25,11637.91,Média,5
1073,060,2023-12-11,8917.79,Média,7
1074,148,2016-08-01,12073.41,Alta,34
1075,061,2022-11-07,16383.56,Alta,28
1076,037,2023-04-03,13915.45,Baixa,2
1077,106,2024-08-17,8653.06,Média,20
1078,071,2024-04-13,15905.26,Média,18
1079,143,2024-10-05,18736.63,Média,15
1080,110,2019-04-01,9524.89,Crítica,159
1081,013,2023-08-14,10269.27,Média,19
1082,098,2024-10-09,9002.95,Média,11
1083,107,2024-11-04,8607.57,Crítica,158
1084,039,2024-09-12,5940.65,Alta,46
1085,097,2024-04-19,10421.73,Alta,63
1086,138,2023-11-29,11726.91,Crítica,137
1087,062,2018-08-04,12178.77,Alta,34
1088,077,2023-11-14,10730.84,Alta,47
1089,119,2022-06-15,14250.85,Média,12
1090,144,2024-11-13,9806.19,Crítica,121
1091,107,2024-02-13,8225.73,Alta,49
1092,100,2024-08-30,15283.38,Média,11
1093,066,2022-08-26,14413.84,Baixa,1
1094,085,2019-10-27,16363.78,Média,19
1095,116,2022-05-05,11567.74,Média,13
1096,024,2024-11-09,10625.77,Alta,25
1097,014,2023-01-19,10919.33,Média,15
1098,097,2024-08-06,9224.91,Baixa,1
1099,019,2022-08-21,14253.39,Baixa,3
1100,144,2024-01-25,9967.9,Alta,34
1101,123,2024-03-08,23877.28,Média,17
1102,086,2024-09-02,10129.27,Média,9
1103,004,2020-05-01,15271.83,Baixa,3
1104,049,2024-11-29,16566.03,Média,17
1105,123,2024-12-28,21808.76,Média,22
1106,053,2022-11-28,10835.22,Crítica,116
1107,062,2022-03-09,12468.93,Média,19
1108,073,2023-05-26,24650.31,Crítica,116
1109,120,2024-07-27,16755.96,Alta,44
1110,079,2024-01-21,22093.44,Alta,32
1111,093,2023-11-22,13497.24,Crítica,149
1112,120,2024-07-24,16666.37,Média,15
1113,121,2020-10-10,13936.39,Alta,49
1114,053,2024-02-04,10606.11,Média,15
1115,081,2023-01-29,12043.37,Crítica,148
1116,012,2018-04-10,15039.83,Média,11
1117,038,2022-07-11,16072.67,Média,7
1118,067,2021-04-22,17597.04,Crítica,101
1119,076,2023-10-15,12454.73,Baixa,3
1120,051,2021-11-28,9211.28,Média,6
1121,059,2024-01-18,11690.42,Crítica,101
1122,146,2024-11-07,21827.87,Média,12
1123,128,2024-08-29,16840.65,Alta,56
1124,066,2023-09-16,17269.81,Crítica,152
1125,126,2022-12-05,12164.82,Crítica,117
1126,044,2023-11-02,15990.69,Alta,65
1127,044,2022-09-19,15984.54,Baixa,2
1128,140,2021-08-22,5438.57,Crítica,121
1129,048,2024-08-16,11553.7,Baixa,3
1130,135,2023-09-03,14925.43,Média,19
1131,020,2024-08-31,14289.54,Média,22
1132,002,2021-01-23,13795.36,Crítica,166
1133,036,2022-05-18,17303.32,Baixa,2
1134,018,2024-08-10,8552.05,Alta,61
1135,003,2023-03-23,11128.77,Alta,43
1136,130,2024-01-11,8724.96,Crítica,133
1137,096,2024-12-22,15325.91,Baixa,2
1138,124,2024-11-22,14585.15,Crítica,79
1139,005,2019-01-09,17076.03,Média,15
1140,137,2024-02-12,6821.34,Crítica,126
1141,004,2021-06-04,15088.97,Média,17
1142,136,2022-05-22,10840.62,Média,13
1143,138,2024-11-13,10825.36,Média,5
1144,005,2023-09-17,17094.61,Crítica,154
1145,046,2024-08-20,13737.54,Média,10
1146,025,2015-12-27,8765.76,Alta,58
1147,062,2022-09-24,14924.77,Alta,58
1148,135,2024-08-29,14489.37,Alta,28
1149,091,2023-07-14,12659.93,Média,19
1150,102,2024-01-10,8759.03,Baixa,1
1151,096,2024-11-20,21701.19,Crítica,133
1152,118,2024-10-08,9904.38,Alta,44
1153,058,2024-02-08,15930.47,Alta,59
1154,021,2023-10-03,14462.96,Média,18
1155,024,2020-12-28,9616.37,Crítica,76
1156,098,2021-07-13,11526.17,Crítica,114
1157,142,2018-01-07,10296.79,Crítica,127
1158,015,2023-10-30,17284.71,Baixa,3
1159,044,2024-06-03,14575.07,Média,5
1160,128,2022-11-12,16557.92,Crítica,167
1161,085,2020-03-19,16193.9,Média,18
1162,136,2016-12-21,11846.48,Baixa,2
1163,059,2023-06-26,10669.28,Alta,63
1164,146,2023-03-09,22462.81,Crítica,162
1165,070,2022-09-24,18642.65,Baixa,3
1166,020,2024-06-07,17332.84,Alta,24
1167,140,2021-02-11,9722.83,Média,18
1168,046,2024-08-11,12821.56,Alta,32
1169,005,2022-04-15,17201.06,Baixa,3
1170,037,2023-03-30,12506.24,Crítica,82
1171,020,2024-12-03,13004.28,Alta,34
1172,042,2024-08-17,11780.75,Alta,63
1173,146,2021-01-17,22935.65,Crítica,132
1174,139,2024-05-21,15062.65,Alta,40
1175,099,2024-12-15,12437.81,Baixa,2
1176,021,2024-05-05,15282.54,Alta,52
1177,014,2020-06-26,10049.2,Baixa,1
1178,112,2022-06-30,16766.06,Média,6
1179,020,2024-08-14,12781.79,Alta,59
1180,102,2024-08-11,8018.64,Média,13
1181,008,2024-10-14,22827.83,Alta,53
1182,116,2023-09-24,11433.82,Crítica,78
1183,059,2022-12-08,10143.56,Média,19
1184,142,2020-06-01,14848.52,Crítica,115
1185,111,2019-01-28,11797.35,Alta,26
1186,150,2023-02-18,17819.99,Crítica,139
1187,022,2023-04-15,15013.76,Alta,64
1188,064,2022-07-02,19373.27,Baixa,3
1189,022,2023-05-26,12144.04,Alta,53
1190,040,2021-10-07,11970.41,Crítica,117
1191,040,2020-03-27,11016.54,Crítica,132
1192,082,2024-06-02,9755.49,Média,20
1193,028,2022-11-07,16957.76,Média,13
1194,002,2018-09-12,17996.49,Alta,49
1195,114,2020-04-10,8590.99,Média,16
1196,070,2021-07-16,22469.45,Baixa,2
1197,034,2021-04-29,23869.06,Baixa,3
1198,048,2022-06-04,10543.92,Crítica,165
1199,115,2022-07-03,10164.96,Crítica,74
1200,027,2023-06-17,14829.47,Baixa,3
1201,023,2023-11-15,9960.06,Alta,26
1202,142,2023-09-30,14229.0,Baixa,1
1203,084,2019-08-27,19900.45,Crítica,79
1204,004,2023-04-30,15963.83,Alta,58
1205,106,2024-05-06,10462.62,Crítica,77
1206,022,2022-10-31,16826.03,Baixa,2
1207,147,2024-01-21,13111.46,Baixa,3
1208,098,2024-03-28,9808.05,Alta,61
1209,036,2024-08-02,15798.98,Alta,24
1210,078,2020-08-09,11128.84,Média,12
1211,127,2022-06-11,8484.42,Alta,71
1212,017,2017-07-11,8773.03,Alta,29
1213,112,2022-08-08,23779.73,Alta,42
1214,108,2022-04-21,13648.06,Alta,29
1215,124,2024-02-28,15340.88,Média,11
1216,093,2022-09-26,14115.03,Alta,49
1217,064,2024-11-08,16006.13,Crítica,129
1218,051,2022-11-24,12728.26,Crítica,140
1219,028,2024-04-09,17608.5,Baixa,3
1220,078,2021-10-28,10866.48,Baixa,3
1221,102,2022-06-02,14808.18,Média,7
1222,098,2021-12-10,10936.09,Média,21
1223,113,2022-05-13,12639.18,Média,7
1224,111,2020-01-18,12013.84,Alta,66
1225,077,2021-03-11,10507.8,Média,6
1226,052,2021-09-03,7308.55,Crítica,123
1227,081,2024-02-18,16985.36,Baixa,1
1228,102,2024-08-02,13552.81,Média,5
1229,075,2024-08-11,14166.49,Crítica,148
1230,148,2023-06-26,15501.37,Baixa,3
1231,084,2019-10-08,17001.25,Crítica,117
1232,072,2023-09-22,19560.18,Crítica,108
1233,094,2024-06-02,12392.24,Média,11
1234,145,2024-03-04,22971.66,Média,15
1235,140,2019-11-28,7896.55,Baixa,3
1236,141,2023-10-03,14613.9,Média,17
1237,119,2021-08-03,14997.71,Baixa,1
1238,113,2022-10-08,9410.74,Média,7
1239,018,2024-08-10,11467.85,Crítica,148
1240,128,2024-11-22,16861.37,Baixa,1
1241,078,2020-01-09,8319.92,Alta,35
1242,065,2020-08-17,13798.01,Baixa,1
1243,109,2016-08-31,14102.84,Crítica,153
1244,019,2024-01-31,15656.9,Crítica,163
1245,123,2024-09-13,18846.94,Crítica,140
1246,137,2021-12-31,8124.22,Crítica,107
1247,140,2023-01-11,9600.33,Média,19
1248,093,2021-06-27,17854.43,Média,5
1249,028,2021-01-05,16579.44,Baixa,2
1250,091,2023-03-27,13038.33,Alta,43
1251,012,2022-07-17,21126.56,Crítica,89
1252,085,2021-05-27,12061.32,Crítica,163
1253,028,2023-11-04,17385.81,Média,16
1254,026,2021-09-26,12463.1,Alta,53
1255,057,2017-07-29,16172.77,Baixa,1
1256,115,2024-06-11,10615.78,Média,9
1257,101,2024-12-11,11509.06,Crítica,144
1258,129,2017-09-26,10792.45,Alta,44
1259,089,2024-08-31,11954.87,Baixa,3
1260,124,2020-11-18,12346.56,Média,8
1261,076,2022-03-14,17479.85,Crítica,153
1262,022,2024-04-21,12204.94,Média,9
1263,037,2024-11-08,16149.25,Alta,68
1264,080,2023-08-22,13782.92,Média,14
1265,117,2023-12-24,12205.62,Baixa,3
1266,134,2023-07-30,9914.08,Crítica,146
1267,090,2022-07-31,12933.09,Crítica,143
1268,025,2019-12-31,8031.31,Crítica,145
1269,116,2022-11-10,8533.12,Média,11
1270,018,2024-09-13,9274.96,Média,6
1271,012,2016-07-07,18554.31,Baixa,3
1272,006,2023-12-01,16322.15,Alta,32
1273,028,2021-03-03,16426.35,Baixa,3
1274,063,2024-01-28,12619.77,Baixa,3
1275,142,2022-08-19,11548.59,Alta,53
1276,085,2020-07-26,14088.8,Crítica,139
1277,119,2023-10-31,15406.35,Baixa,1
1278,104,2024-11-18,15081.27,Baixa,1
1279,048,2024-10-08,10619.83,Crítica,143
1280,102,2021-12-14,14127.0,Baixa,3
1281,051,2019-03-01,10177.04,Crítica,101
1282,110,2020-06-03,12529.66,Crítica,133
1283,002,2018-06-02,13827.04,Baixa,2
1284,053,2019-03-10,8342.48,Média,22
1285,017,2022-03-16,10918.19,Baixa,2
1286,138,2024-09-09,9481.98,Alta,52
1287,094,2018-12-17,15607.16,Alta,24
1288,051,2021-02-09,13307.8,Crítica,88
1289,030,2017-12-19,14220.48,Média,5
1290,126,2016-12-23,12271.6,Alta,37
1291,100,2023-07-24,23052.8,Crítica,107
1292,030,2022-06-24,11997.54,Média,9
1293,091,2023-04-07,10200.39,Crítica,154
1294,045,2022-01-15,11152.98,Média,22
1295,022,2021-03-04,17827.83,Baixa,1
1296,081,2024-03-26,14234.81,Média,7
1297,062,2023-03-23,10884.24,Média,7
1298,030,2022-04-08,14104.01,Alta,32
1299,096,2024-10-30,24118.58,Média,8
1300,131,2023-06-18,10981.49,Crítica,110
1301,108,2024-02-10,12964.93,Baixa,3
1302,148,2017-08-13,14397.14,Crítica,99
1303,109,2024-05-19,14061.41,Baixa,1
1304,125,2022-10-12,17420.21,Baixa,3
1305,143,2024-06-19,24398.62,Média,13
1306,126,2018-07-17,16819.28,Alta,54
1307,036,2023-07-11,16552.15,Baixa,3
1308,081,2021-04-29,16309.23,Crítica,83
1309,014,2021-07-14,9375.76,Média,20
1310,003,2021-01-22,11369.8,Crítica,115
1311,035,2024-07-28,19196.27,Média,6
1312,099,2024-12-23,12787.93,Crítica,106
1313,105,2022-11-14,9002.68,Crítica,142
1314,107,2023-12-11,9418.17,Crítica,76
1315,126,2023-01-05,17454.16,Baixa,1
1316,022,2020-05-02,17928.75,Média,21
1317,057,2016-11-02,13625.39,Alta,49
1318,009,2022-03-20,10671.28,Média,7
1319,058,2024-10-31,13994.93,Alta,57
1320,044,2022-09-12,17588.67,Crítica,105
1321,145,2024-09-02,15746.06,Crítica,141
1322,141,2024-03-25,12350.63,Média,6
1323,147,2024-12-04,17827.92,Média,5
1324,069,2024-04-18,13624.75,Alta,62
1325,139,2019-11-17,12312.75,Média,22
1326,113,2024-10-13,9259.36,Alta,51
1327,109,2022-09-13,16270.93,Média,16
1328,064,2024-07-24,24407.54,Alta,33
1329,009,2023-10-04,12229.11,Crítica,92
1330,068,2022-04-18,12854.92,Alta,26
1331,023,2024-01-15,7329.27,Crítica,109
1332,031,2019-05-27,16220.4,Baixa,3
1333,054,2023-05-03,12302.66,Alta,40
1334,110,2022-07-24,10445.45,Alta,66
1335,036,2017-06-16,16927.86,Baixa,1
1336,053,2020-06-14,8221.62,Baixa,3
1337,146,2021-09-17,17668.33,Alta,52
1338,137,2024-02-21,8246.68,Alta,45
1339,138,2024-04-29,10914.44,Alta,35
1340,083,2021-08-31,15223.0,Alta,37
1341,075,2024-06-24,14006.13,Média,16
1342,132,2021-09-13,15009.67,Média,15
1343,035,2023-02-04,21791.79,Crítica,97
1344,016,2024-02-06,12051.55,Média,17
1345,033,2020-07-16,13307.38,Baixa,1
1346,064,2024-04-01,18320.33,Média,10
1347,083,2021-10-29,14012.57,Baixa,3
1348,101,2024-12-21,12686.95,Crítica,82
1349,037,2022-05-24,12385.88,Alta,29
1350,107,2024-08-20,8028.41,Crítica,164
1351,116,2024-07-26,9934.78,Baixa,2
1352,024,2024-08-09,11144.78,Crítica,135
1353,132,2019-07-31,14555.94,Alta,40
1354,095,2021-06-03,10909.92,Crítica,107
1355,125,2023-07-27,14430.56,Alta,64
1356,149,2019-12-19,12901.86,Média,10
1357,024,2021-09-29,10974.09,Crítica,104
1358,092,2017-12-17,15286.65,Média,14
1359,137,2021-01-31,9236.44,Crítica,90
1360,056,2022-12-02,5791.21,Crítica,142
1361,055,2021-07-30,15939.6,Crítica,153
1362,069,2024-04-05,14195.03,Alta,37
1363,073,2023-03-07,20197.65,Alta,52
1364,141,2024-04-12,13471.91,Baixa,3
1365,145,2023-07-24,21861.39,Crítica,161
1366,088,2024-08-08,13428.58,Média,9
1367,012,2020-10-19,23402.59,Baixa,1
1368,118,2024-09-26,12294.81,Baixa,1
1369,032,2021-09-22,7401.72,Baixa,2
1370,113,2024-11-25,10251.46,Crítica,74
1371,001,2024-09-08,10337.66,Crítica,130
1372,052,2020-10-19,9804.87,Baixa,3
1373,078,2022-03-16,11776.71,Alta,70
1374,071,2023-01-04,12077.11,Média,16
1375,093,2021-05-21,13208.66,Alta,58
1376,022,2020-08-12,17883.02,Alta,32
1377,043,2018-04-05,8955.86,Baixa,2
1378,102,2023-10-30,12968.55,Média,7
1379,060,2023-05-14,10463.19,Crítica,88
1380,024,2023-08-09,8492.71,Baixa,2
1381,001,2023-04-04,13105.2,Alta,30
1382,123,2024-10-12,22247.82,Baixa,3
1383,034,2019-10-04,20090.92,Média,5
1384,133,2024-05-26,11187.9,Crítica,118
1385,003,2024-05-08,8226.88,Baixa,3
1386,088,2022-08-16,15848.14,Média,11
1387,109,2024-12-12,14026.78,Baixa,1
1388,123,2024-12-27,19642.78,Baixa,1
1389,059,2021-08-03,9711.19,Crítica,102
1390,023,2023-09-12,6570.84,Média,9
1391,027,2024-09-22,10221.72,Média,18
1392,095,2019-11-23,11412.68,Média,11
1393,036,2021-02-11,15701.1,Crítica,141
1394,035,2023-05-13,22578.4,Média,7
1395,018,2024-10-30,9972.11,Baixa,2
1396,043,2023-02-10,10153.96,Crítica,91
1397,090,2023-04-10,10695.02,Alta,69
1398,039,2020-03-01,8375.03,Crítica,97
1399,114,2017-12-28,10396.39,Alta,29
1400,023,2022-11-27,8985.18,Média,18
1401,036,2023-09-11,15847.21,Média,6
1402,099,2024-12-25,12671.3,Alta,56
1403,110,2024-07-19,9614.42,Média,23
1404,036,2020-12-11,12857.3,Baixa,2
1405,071,2019-07-03,17372.36,Média,9
1406,064,2023-06-25,17086.22,Alta,41
1407,007,2021-04-23,15486.8,Alta,34
1408,053,2020-02-26,10528.3,Alta,44
1409,101,2024-12-12,8555.64,Média,20
1410,014,2021-07-06,9706.21,Alta,33
1411,127,2024-06-02,11259.52,Crítica,96
1412,029,2023-06-27,15402.05,Média,5
1413,128,2022-11-22,13780.54,Média,6
1414,136,2022-08-07,9466.85,Baixa,2
1415,093,2021-04-03,12486.83,Alta,50
1416,034,2022-09-05,24345.21,Crítica,119
1417,146,2024-09-03,22491.06,Crítica,79
1418,094,2018-02-24,15571.99,Baixa,3
1419,121,2023-11-18,13469.93,Média,10
1420,005,2022-08-03,16739.29,Média,4
1421,004,2019-08-22,16168.04,Alta,51
1422,056,2022-10-26,5389.51,Média,11
1423,016,2023-11-18,10749.11,Crítica,127
1424,130,2024-11-26,8541.06,Média,7
1425,129,2021-03-23,9398.32,Crítica,94
1426,109,2023-07-29,16107.66,Crítica,86
1427,022,2023-07-20,12022.72,Baixa,3
1428,072,2023-02-10,20636.17,Baixa,2
1429,080,2023-06-01,8397.36,Baixa,1
1430,131,2020-04-19,10476.73,Alta,38
1431,040,2016-02-10,11170.22,Média,19
1432,101,2024-12-24,10849.49,Baixa,3
1433,080,2019-11-17,13627.3,Crítica,113
1434,062,2024-09-17,8692.55,Baixa,2
1435,063,2021-04-24,17257.71,Média,14
1436,112,2024-01-26,18846.12,Baixa,3
1437,117,2023-06-06,14789.04,Média,8
1438,080,2016-10-15,12861.17,Alta,67
1439,031,2019-01-18,12797.21,Média,8
1440,036,2020-04-01,14322.48,Média,19
1441,042,2024-06-28,11961.54,Crítica,82
1442,089,2024-12-26,9837.82,Média,11
1443,043,2017-09-01,11359.78,Média,19
1444,033,2021-05-06,14661.41,Alta,35
1445,031,2019-03-06,15329.77,Média,8
1446,086,2024-09-08,8603.34,Crítica,140
1447,070,2023-03-08,20905.02,Baixa,2
1448,068,2018-03-08,13925.03,Média,7
1449,128,2023-08-14,16888.51,Crítica,110
1450,131,2022-01-05,8576.47,Média,15
1451,015,2020-06-28,15423.41,Crítica,121
1452,146,2021-09-01,18627.77,Média,15
1453,095,2024-08-27,9539.97,Alta,67
1454,066,2023-02-13,14618.16,Média,16
1455,147,2024-02-10,14442.84,Média,13
1456,059,2022-12-26,9294.75,Baixa,1
1457,012,2023-02-21,18653.06,Baixa,1
1458,063,2024-12-30,12510.02,Média,11
1459,121,2021-08-14,14931.4,Alta,33
1460,099,2024-12-21,16262.81,Baixa,3
1461,046,2024-06-24,12028.36,Média,5
1462,142,2023-07-23,12262.37,Crítica,85
1463,058,2024-04-14,17854.17,Alta,70
1464,064,2024-10-06,23846.51,Crítica,147
1465,082,2024-02-13,10837.41,Média,20
1466,020,2024-05-31,16963.03,Alta,51
1467,031,2024-03-22,14993.72,Média,6
1468,046,2024-10-06,17499.62,Baixa,1
1469,133,2023-10-09,9879.55,Baixa,3
1470,103,2021-12-02,10379.99,Baixa,1
1471,120,2024-12-25,14407.44,Alta,33
1472,080,2022-03-27,11342.76,Média,15
1473,023,2024-11-22,9039.11,Crítica,158
1474,003,2020-10-05,9100.92,Média,21
1475,052,2019-07-27,5066.29,Alta,26
1476,145,2015-01-26,17437.36,Alta,54
1477,063,2024-07-07,16093.34,Crítica,143
1478,095,2019-05-23,9897.99,Crítica,92
1479,051,2021-04-05,9439.03,Alta,60
1480,039,2023-06-10,5716.34,Média,9
1481,105,2023-01-31,11394.16,Baixa,2
1482,060,2024-07-08,11963.56,Média,8
1483,003,2024-03-15,10471.67,Média,4
1484,001,2020-02-14,9038.79,Crítica,125
1485,079,2020-11-07,23460.8,Baixa,3
1486,053,2020-12-25,8994.59,Alta,36
1487,108,2020-06-19,13607.49,Crítica,124
1488,016,2024-05-02,8347.96,Alta,53
1489,072,2023-07-11,24237.13,Baixa,1
1490,012,2020-03-13,24957.75,Média,5
1491,134,2019-08-24,9211.8,Crítica,160
1492,096,2024-12-08,19184.45,Crítica,151
1493,022,2019-09-17,13038.33,Média,9
1494,130,2022-11-10,12551.57,Alta,68
1495,101,2024-12-25,12196.49,Baixa,2
1496,146,2020-08-25,19426.99,Baixa,1
1497,112,2019-10-09,15721.78,Média,20
1498,061,2022-01-31,14386.33,Alta,62
1499,067,2017-05-12,14335.27,Alta,55
1500,101,2024-12-09,8238.61,Média,15
1501,082,2024-05-08,10288.09,Crítica,100
1502,070,2019-06-15,15494.39,Média,9
1503,020,2024-09-30,16324.27,Baixa,3
1504,035,2024-01-03,17101.1,Baixa,2
1505,040,2016-07-26,10877.54,Baixa,1
1506,043,2019-03-17,10543.18,Crítica,111
1507,120,2024-06-17,14863.58,Alta,67
1508,105,2020-10-10,8500.21,Baixa,2
1509,138,2024-07-27,8008.5,Média,17
1510,054,2021-12-02,16571.65,Crítica,143
1511,079,2023-06-28,16505.14,Crítica,164
1512,068,2019-10-06,14873.81,Média,4
1513,024,2020-03-19,8275.8,Alta,68
1514,078,2018-05-03,9703.86,Baixa,3
1515,056,2023-04-01,9247.88,Alta,25
1516,038,2022-01-31,13565.15,Média,5
1517,064,2022-01-15,16059.03,Alta,66
1518,102,2024-11-27,12911.09,Baixa,3
1519,077,2023-03-26,10319.62,Média,20
1520,045,2021-10-18,11805.29,Baixa,3
1521,104,2020-09-30,16989.63,Crítica,157
1522,143,2024-07-01,23444.9,Média,22
1523,025,2017-07-20,10394.34,Crítica,156
1524,027,2024-12-31,10727.49,Alta,32
1525,032,2022-08-10,5829.6,Média,8
1526,016,2024-06-24,13234.17,Alta,31
1527,034,2019-02-19,20185.07,Média,20
1528,103,2022-05-01,10936.32,Média,4
1529,022,2019-04-09,13715.19,Alta,44
1530,020,2024-11-12,14022.62,Média,22
1531,017,2018-06-07,8288.55,Alta,26
1532,114,2023-05-08,10266.93,Alta,39
1533,024,2024-06-17,8431.82,Média,7
1534,032,2024-12-10,6950.88,Média,8
1535,119,2019-09-05,13105.66,Média,17
1536,044,2022-11-28,16933.96,Crítica,166
1537,102,2024-07-13,11017.46,Crítica,84
1538,008,2024-12-28,20545.4,Crítica,128
1539,110,2020-02-10,12027.05,Alta,48
1540,091,2024-03-01,10051.15,Alta,46
1541,048,2024-02-12,9243.84,Média,5
1542,072,2024-08-20,18285.79,Crítica,109
1543,039,2022-12-22,5355.94,Média,17
1544,063,2021-12-07,17568.06,Alta,57
1545,128,2023-09-03,17049.59,Crítica,113
1546,141,2022-12-18,13462.54,Crítica,145
1547,016,2023-12-28,11009.77,Baixa,1
1548,072,2024-11-17,24718.26,Crítica,111
1549,036,2018-09-11,13783.66,Crítica,121
1550,052,2019-08-13,7936.83,Baixa,2
1551,140,2020-02-28,9961.75,Média,19
1552,098,2020-09-12,11338.08,Média,13
1553,123,2024-12-28,15566.02,Crítica,149
1554,089,2024-06-24,8398.53,Média,18
1555,100,2022-07-15,22730.15,Alta,36
1556,047,2024-10-09,13939.51,Média,22
1557,082,2023-08-01,11053.49,Alta,43
1558,008,2024-09-20,23434.37,Alta,48
1559,015,2023-09-13,20221.91,Crítica,89
1560,136,2021-04-27,10786.22,Média,4
1561,150,2021-09-30,13150.81,Baixa,3
1562,041,2024-06-20,12789.03,Média,7
1563,064,2022-01-29,20408.2,Média,20
1564,069,2024-05-12,15511.36,Média,16
1565,057,2018-06-13,13656.33,Crítica,163
1566,091,2024-03-19,13984.51,Alta,57
1567,046,2024-06-23,14387.78,Baixa,1
1568,082,2023-09-27,9697.2,Média,15
1569,008,2024-09-03,19459.38,Alta,42
1570,146,2021-04-21,20936.23,Média,10
1571,145,2024-02-15,24238.81,Média,4
1572,127,2021-08-12,10300.59,Média,4
1573,045,2017-03-21,9128.24,Crítica,157
1574,010,2023-04-28,14051.87,Baixa,1
1575,015,2022-03-02,15589.01,Média,6
1576,057,2022-06-14,14905.28,Média,7
1577,135,2024-12-03,12378.95,Crítica,98
1578,001,2022-01-09,9082.15,Média,21
1579,052,2016-06-14,5883.22,Baixa,1
1580,088,2019-03-29,16886.78,Baixa,1
1581,083,2021-02-26,13319.14,Média,12
1582,006,2024-03-21,16066.08,Baixa,3
1583,037,2024-05-07,13920.5,Média,21
1584,135,2024-11-20,16611.64,Alta,44
1585,019,2024-07-18,13957.86,Alta,70
1586,102,2024-08-26,13404.25,Baixa,3
1587,087,2022-03-15,10686.43,Média,10
1588,083,2023-08-20,17634.02,Baixa,1
1589,041,2023-09-15,14180.07,Crítica,81
1590,125,2024-06-26,15591.4,Alta,69
1591,045,2022-01-02,11088.93,Média,18
1592,058,2022-10-04,14491.25,Baixa,2
1593,097,2024-03-09,9658.23,Média,11
1594,076,2020-07-16,14362.79,Baixa,3
1595,046,2024-08-05,12807.6,Média,10
1596,147,2024-11-21,16449.18,Crítica,87
1597,146,2021-07-07,15520.73,Baixa,3
1598,047,2024-01-23,15129.14,Alta,67
1599,057,2024-07-01,12595.22,Média,4
1600,128,2023-06-06,12292.29,Baixa,1
1601,085,2024-07-05,14728.35,Média,19
1602,061,2023-10-11,17759.21,Alta,42
1603,082,2024-10-26,11873.27,Alta,34
1604,023,2023-07-07,6105.6,Alta,52
1605,115,2023-03-27,9965.24,Baixa,2
1606,068,2019-12-13,13767.26,Baixa,3
1607,064,2023-05-24,18789.82,Baixa,2
1608,090,2023-02-06,11899.14,Média,7
1609,028,2024-02-02,13218.6,Média,21
1610,013,2019-01-02,9698.29,Crítica,84
1611,113,2023-10-21,8532.08,Crítica,79
1612,043,2021-02-02,10387.23,Crítica,121
1613,127,2024-07-13,9595.79,Crítica,135
1614,090,2024-06-28,8860.0,Crítica,115
1615,026,2020-10-10,14047.34,Crítica,140
1616,148,2020-07-31,12334.55,Baixa,2
1617,042,2024-05-27,11666.32,Crítica,97
1618,019,2021-06-11,16534.05,Média,17
1619,076,2023-02-06,17709.39,Média,19
1620,082,2023-12-10,11717.67,Média,17
1621,027,2024-03-04,14898.62,Baixa,1
1622,088,2019-06-17,14083.68,Baixa,3
1623,097,2024-12-09,9838.06,Alta,49
1624,020,2024-10-09,15620.25,Média,15
1625,087,2023-01-29,11318.11,Crítica,97
1626,008,2024-06-29,20610.43,Crítica,133
1627,043,2020-04-11,11412.65,Crítica,126
1628,041,2024-02-24,13448.07,Média,14
1629,026,2021-03-29,15829.37,Alta,27
1630,053,2019-04-09,8848.2,Alta,47
1631,105,2022-02-20,11215.64,Média,9
1632,073,2022-05-25,15255.84,Alta,40
1633,061,2024-05-11,13220.48,Média,16
1634,013,2017-11-02,8068.11,Crítica,74
1635,147,2023-05-08,12888.51,Crítica,77
1636,040,2020-03-05,9291.44,Baixa,3
1637,093,2024-03-19,12839.92,Média,19
1638,110,2024-10-26,13960.91,Baixa,3
1639,076,2023-09-15,14170.57,Crítica,150
1640,052,2022-11-19,6965.13,Média,22
1641,007,2019-04-04,24293.8,Média,9
1642,044,2022-02-02,17291.54,Alta,38
1643,021,2022-12-21,17453.08,Crítica,76
1644,030,2020-06-14,8205.59,Média,6
1645,102,2022-10-10,12758.65,Crítica,167
1646,126,2020-02-18,14152.59,Alta,63
1647,024,2024-07-31,11910.33,Crítica,82
1648,048,2024-09-12,10396.96,Média,19
1649,098,2021-07-24,10190.33,Média,20
1650,048,2023-04-12,8800.38,Crítica,105
1651,012,2024-11-16,22103.74,Alta,63
1652,113,2024-12-19,13529.46,Crítica,135
1653,068,2023-09-27,16060.61,Baixa,2
1654,069,2024-06-13,17388.0,Média,23
1655,039,2021-09-09,5482.83,Média,8
1656,022,2022-11-28,13792.41,Alta,66
1657,139,2024-07-16,17081.44,Crítica,115
1658,059,2023-11-27,10029.01,Baixa,1
1659,100,2024-04-01,22506.05,Crítica,162
1660,138,2023-12-30,8555.09,Crítica,113
1661,147,2024-11-15,16445.41,Baixa,1
1662,122,2023-09-17,16733.61,Alta,58
1663,021,2023-08-21,15513.8,Crítica,154
1664,009,2019-05-12,11956.22,Alta,25
1665,031,2019-11-08,15885.22,Crítica,120
1666,045,2024-08-25,9946.21,Alta,46
1667,055,2019-06-28,12679.47,Baixa,3
1668,033,2024-07-16,15344.86,Média,15
1669,109,2016-10-19,17172.57,Média,23
1670,112,2022-03-07,15331.14,Média,20
1671,038,2020-12-30,17377.5,Alta,53
1672,082,2022-02-21,11372.31,Baixa,3
1673,023,2022-11-07,7971.5,Crítica,155
1674,143,2024-12-27,24970.58,Crítica,146
1675,142,2017-10-20,14155.01,Média,11
1676,071,2021-04-16,16183.42,Crítica,150
1677,004,2020-05-03,17728.03,Crítica,104
1678,029,2021-09-12,20755.96,Crítica,151
1679,039,2020-01-30,9494.41,Baixa,3
1680,146,2021-10-20,21279.91,Baixa,3
1681,028,2020-10-30,15225.36,Média,9
1682,074,2021-06-15,14884.37,Média,16
1683,106,2024-09-29,10384.92,Média,19
1684,099,2024-12-23,17168.65,Crítica,147
1685,147,2024-02-09,16977.64,Crítica,128
1686,010,2022-06-08,10694.59,Alta,28
1687,071,2023-01-14,17799.49,Crítica,156
1688,037,2023-10-27,13358.62,Crítica,75
1689,010,2024-10-19,10846.62,Crítica,94
1690,085,2022-09-14,12490.72,Baixa,2
1691,013,2022-03-16,12758.0,Crítica,109
1692,069,2024-08-10,12223.75,Alta,25
1693,006,2017-07-05,14601.46,Alta,61
1694,078,2016-01-25,9885.35,Média,20
1695,072,2024-08-12,17419.16,Crítica,161
1696,026,2017-10-26,13022.65,Baixa,1
1697,035,2021-07-14,20239.4,Alta,25
1698,114,2020-10-03,9929.01,Média,19
1699,069,2024-08-29,15239.81,Crítica,130
1700,023,2023-11-12,7272.96,Baixa,2
1701,114,2016-05-16,8325.41,Alta,61
1702,105,2021-08-17,10676.46,Crítica,89
1703,133,2024-12-13,8518.18,Média,10
1704,015,2022-08-15,23937.94,Média,12
1705,017,2018-07-02,11741.62,Média,22
1706,130,2023-03-06,11238.86,Crítica,137
1707,035,2021-11-15,23143.34,Baixa,3
1708,045,2018-11-16,8290.03,Alta,33
1709,052,2019-11-18,7578.49,Média,17
1710,064,2021-11-11,22874.47,Baixa,3
1711,117,2024-04-13,16999.66,Média,15
1712,093,2023-12-26,15549.73,Baixa,2
1713,071,2019-12-06,14353.06,Alta,57
1714,119,2022-04-18,13360.39,Crítica,156
1715,032,2023-01-01,8634.66,Média,18
1716,062,2024-07-12,8952.12,Média,19
1717,126,2020-04-11,17343.76,Crítica,149
1718,046,2024-06-23,17006.04,Crítica,146
1719,142,2020-12-03,8436.16,Média,7
1720,089,2024-05-11,9147.04,Alta,37
1721,067,2024-01-10,15684.19,Média,18
1722,073,2023-11-10,22950.8,Baixa,2
1723,099,2024-12-17,14289.3,Média,6
1724,042,2024-11-12,9506.41,Alta,64
1725,057,2018-08-22,15204.17,Baixa,1
1726,053,2021-06-06,10892.71,Média,6
1727,105,2023-03-05,9058.06,Baixa,3
1728,003,2020-05-13,10537.49,Crítica,142
1729,034,2022-02-21,19349.14,Média,11
1730,003,2019-12-13,10859.98,Alta,65
1731,065,2019-05-12,17116.13,Alta,49
1732,071,2021-03-25,17724.18,Crítica,166
1733,097,2024-07-29,8524.34,Média,23
1734,118,2024-05-27,8847.97,Média,15
1735,056,2023-08-31,8124.49,Crítica,166
1736,078,2024-01-19,9604.54,Crítica,119
1737,150,2021-06-01,15797.06,Média,10
1738,002,2015-08-03,16740.71,Alta,57
1739,144,2024-10-08,9164.0,Média,8
1740,077,2021-12-23,8266.34,Baixa,1
1741,124,2020-03-29,13557.01,Média,9
1742,087,2024-08-10,8281.05,Média,17
1743,084,2023-07-06,21964.32,Alta,54
1744,067,2021-11-07,14548.55,Alta,66
1745,049,2024-12-21,15475.27,Baixa,1
1746,133,2023-09-21,9641.86,Alta,47
1747,015,2023-06-14,15293.43,Crítica,167
1748,082,2022-01-03,10550.09,Alta,47
1749,007,2018-09-12,18528.28,Crítica,147
1750,076,2020-07-14,13746.19,Alta,38
1751,108,2024-03-19,14897.65,Crítica,147
1752,100,2024-09-13,21394.52,Baixa,3
1753,150,2023-03-14,15224.82,Baixa,2
1754,088,2020-12-04,13024.78,Baixa,2
1755,137,2020-06-22,9314.86,Crítica,115
1756,092,2018-01-23,12647.33,Alta,37
1757,044,2024-05-09,12280.23,Baixa,1
1758,076,2021-02-14,15493.7,Média,9
1759,121,2024-06-08,16828.65,Baixa,2
1760,067,2016-10-10,13351.62,Baixa,3
1761,086,2024-09-29,11917.0,Baixa,3
1762,057,2024-08-14,17645.53,Alta,59
1763,058,2022-10-22,12665.88,Alta,50
1764,108,2016-09-05,17776.19,Alta,58
1765,096,2024-08-30,23109.66,Alta,54
1766,150,2023-09-03,14065.29,Alta,28
1767,119,2020-07-03,14570.92,Média,15
1768,121,2021-12-21,16370.91,Média,4
1769,150,2021-07-03,15789.96,Média,16
1770,121,2020-04-15,14241.51,Baixa,2
1771,129,2019-01-27,8074.41,Baixa,2
1772,098,2024-04-08,9178.76,Média,16
1773,106,2024-03-07,12592.23,Baixa,3
1774,039,2024-04-27,8506.73,Baixa,3
1775,052,2022-05-27,8925.95,Alta,33
1776,105,2023-02-11,9018.2,Crítica,144
1777,037,2024-12-02,15296.96,Alta,68
1778,047,2024-08-02,17387.08,Média,17
1779,125,2022-03-14,15131.01,Alta,52
1780,046,2024-10-20,16772.98,Alta,55
1781,015,2020-02-24,19297.48,Baixa,3
1782,116,2024-11-08,8326.15,Média,19
1783,054,2020-08-04,17109.2,Baixa,2
1784,148,2023-11-08,12838.77,Baixa,3
1785,126,2023-03-30,17925.72,Média,7
1786,034,2024-11-13,24205.94,Crítica,77
1787,110,2019-10-23,8139.34,Crítica,148
1788,110,2017-04-28,11221.48,Crítica,143
1789,099,2024-12-14,16983.57,Média,15
1790,010,2024-01-14,14744.23,Alta,71
1791,096,2024-09-04,18260.08,Baixa,2
1792,083,2020-03-15,13922.72,Baixa,3
1793,005,2021-09-11,13780.08,Média,17
1794,064,2023-08-15,20651.32,Média,13
1795,089,2024-10-19,8265.76,Média,12
1796,034,2024-09-13,19194.03,Baixa,2
1797,099,2024-12-26,15975.04,Alta,52
1798,043,2020-07-01,9472.75,Baixa,2
1799,012,2021-01-23,21327.65,Alta,57
1800,075,2024-06-28,13719.26,Crítica,84
